,GC Util,GCInterval,JVM,Time,benchmark,heapSize,numThreads
0,0.0,100.0,JDK0.5-0.5-1,0.0,sunflow,100.0,100.0
1,32.0,100.0,JDK0.5-0.5-1,397.0,sunflow,100.0,100.0
2,0.0,100.0,JDK0.5-0.5-1,0.0,sunflow,100.0,100.0
3,36.0,100.0,JDK0.5-0.5-1,469.0,sunflow,100.0,100.0
4,0.0,100.0,JDK0.5-0.5-1,0.0,sunflow,100.0,100.0
5,33.0,100.0,JDK0.5-0.5-1,461.0,sunflow,100.0,100.0
6,0.0,100.0,JDK0.5-0.5-1,0.0,sunflow,100.0,100.0
7,37.0,100.0,JDK0.5-0.5-1,463.0,sunflow,100.0,100.0
8,0.0,100.0,JDK0.5-0.5-1,0.0,sunflow,100.0,100.0
9,37.0,100.0,JDK0.5-0.5-1,474.0,sunflow,100.0,100.0
10,0.0,100.0,JDK0.5-0.5-1,0.0,sunflow,100.0,100.0
11,44.0,100.0,JDK0.5-0.5-1,524.0,sunflow,100.0,100.0
12,0.0,100.0,JDK0.5-0.5-1,0.0,sunflow,100.0,100.0
13,35.0,100.0,JDK0.5-0.5-1,393.0,sunflow,100.0,100.0
14,0.0,100.0,JDK0.5-0.5-1,0.0,sunflow,100.0,100.0
15,38.0,100.0,JDK0.5-0.5-1,484.0,sunflow,100.0,100.0
16,0.0,100.0,JDK0.5-0.5-1,0.0,sunflow,100.0,100.0
17,105.0,100.0,JDK0.5-0.5-1,605.0,sunflow,100.0,100.0
18,0.0,0.0,JDK0.5-0.5-1,0.0,sunflow,100.0,100.0
19,0.0,100.0,JDK0.5-0.5-1,0.0,sunflow,100.0,100.0
20,36.0,100.0,JDK0.5-0.5-1,406.0,sunflow,100.0,100.0
21,0.0,100.0,JDK0.5-0.5-1,0.0,sunflow,100.0,100.0
22,33.0,100.0,JDK0.5-0.5-1,433.0,sunflow,100.0,100.0
23,0.0,100.0,JDK0.5-0.5-1,0.0,sunflow,100.0,100.0
24,38.0,100.0,JDK0.5-0.5-1,500.0,sunflow,100.0,100.0
25,0.0,100.0,JDK0.5-0.5-1,0.0,sunflow,100.0,100.0
26,37.0,100.0,JDK0.5-0.5-1,408.0,sunflow,100.0,100.0
27,0.0,100.0,JDK0.5-0.5-1,0.0,sunflow,100.0,100.0
28,36.0,100.0,JDK0.5-0.5-1,493.0,sunflow,100.0,100.0
29,0.0,100.0,JDK0.5-0.5-1,0.0,sunflow,100.0,100.0
30,38.0,100.0,JDK0.5-0.5-1,408.0,sunflow,100.0,100.0
31,0.0,100.0,JDK0.5-0.5-1,0.0,sunflow,100.0,100.0
32,35.0,100.0,JDK0.5-0.5-1,447.0,sunflow,100.0,100.0
0,0.0,100.0,JDK1.5-1-1,0.0,sunflow,100.0,100.0
1,35.0,100.0,JDK1.5-1-1,333.0,sunflow,100.0,100.0
2,0.0,100.0,JDK1.5-1-1,0.0,sunflow,100.0,100.0
3,32.0,100.0,JDK1.5-1-1,342.0,sunflow,100.0,100.0
4,0.0,0.0,JDK1.5-1-1,0.0,sunflow,100.0,100.0
5,0.0,100.0,JDK1.5-1-1,0.0,sunflow,100.0,100.0
6,38.0,100.0,JDK1.5-1-1,338.0,sunflow,100.0,100.0
7,0.0,100.0,JDK1.5-1-1,0.0,sunflow,100.0,100.0
8,33.0,100.0,JDK1.5-1-1,349.0,sunflow,100.0,100.0
9,0.0,100.0,JDK1.5-1-1,0.0,sunflow,100.0,100.0
10,38.0,100.0,JDK1.5-1-1,333.0,sunflow,100.0,100.0
11,0.0,100.0,JDK1.5-1-1,0.0,sunflow,100.0,100.0
12,35.0,100.0,JDK1.5-1-1,336.0,sunflow,100.0,100.0
13,0.0,100.0,JDK1.5-1-1,0.0,sunflow,100.0,100.0
14,35.0,100.0,JDK1.5-1-1,331.0,sunflow,100.0,100.0
15,0.0,100.0,JDK1.5-1-1,0.0,sunflow,100.0,100.0
16,28.0,100.0,JDK1.5-1-1,328.0,sunflow,100.0,100.0
17,0.0,100.0,JDK1.5-1-1,0.0,sunflow,100.0,100.0
18,37.0,100.0,JDK1.5-1-1,293.0,sunflow,100.0,100.0
19,0.0,100.0,JDK1.5-1-1,0.0,sunflow,100.0,100.0
20,35.0,100.0,JDK1.5-1-1,336.0,sunflow,100.0,100.0
21,0.0,100.0,JDK1.5-1-1,0.0,sunflow,100.0,100.0
22,31.0,100.0,JDK1.5-1-1,335.0,sunflow,100.0,100.0
23,0.0,100.0,JDK1.5-1-1,0.0,sunflow,100.0,100.0
24,32.0,100.0,JDK1.5-1-1,323.0,sunflow,100.0,100.0
25,0.0,100.0,JDK1.5-1-1,0.0,sunflow,100.0,100.0
26,38.0,100.0,JDK1.5-1-1,355.0,sunflow,100.0,100.0
27,0.0,100.0,JDK1.5-1-1,0.0,sunflow,100.0,100.0
28,32.0,100.0,JDK1.5-1-1,340.0,sunflow,100.0,100.0
29,0.0,100.0,JDK1.5-1-1,0.0,sunflow,100.0,100.0
30,85.0,100.0,JDK1.5-1-1,324.0,sunflow,100.0,100.0
31,0.0,100.0,JDK1.5-1-1,0.0,sunflow,100.0,100.0
32,36.0,100.0,JDK1.5-1-1,324.0,sunflow,100.0,100.0
0,0.0,100.0,JDK1.5-1-1.5,0.0,sunflow,100.0,100.0
1,34.0,100.0,JDK1.5-1-1.5,549.0,sunflow,100.0,100.0
2,0.0,100.0,JDK1.5-1-1.5,0.0,sunflow,100.0,100.0
3,37.0,100.0,JDK1.5-1-1.5,471.0,sunflow,100.0,100.0
4,0.0,100.0,JDK1.5-1-1.5,0.0,sunflow,100.0,100.0
5,31.0,100.0,JDK1.5-1-1.5,523.0,sunflow,100.0,100.0
6,0.0,0.0,JDK1.5-1-1.5,0.0,sunflow,100.0,100.0
7,0.0,100.0,JDK1.5-1-1.5,0.0,sunflow,100.0,100.0
8,36.0,100.0,JDK1.5-1-1.5,396.0,sunflow,100.0,100.0
9,0.0,100.0,JDK1.5-1-1.5,0.0,sunflow,100.0,100.0
10,36.0,100.0,JDK1.5-1-1.5,574.0,sunflow,100.0,100.0
11,0.0,100.0,JDK1.5-1-1.5,0.0,sunflow,100.0,100.0
12,31.0,100.0,JDK1.5-1-1.5,671.0,sunflow,100.0,100.0
13,0.0,100.0,JDK1.5-1-1.5,0.0,sunflow,100.0,100.0
14,36.0,100.0,JDK1.5-1-1.5,370.0,sunflow,100.0,100.0
15,0.0,100.0,JDK1.5-1-1.5,0.0,sunflow,100.0,100.0
16,37.0,100.0,JDK1.5-1-1.5,429.0,sunflow,100.0,100.0
17,0.0,100.0,JDK1.5-1-1.5,0.0,sunflow,100.0,100.0
18,38.0,100.0,JDK1.5-1-1.5,359.0,sunflow,100.0,100.0
19,0.0,100.0,JDK1.5-1-1.5,0.0,sunflow,100.0,100.0
20,37.0,100.0,JDK1.5-1-1.5,445.0,sunflow,100.0,100.0
21,0.0,100.0,JDK1.5-1-1.5,0.0,sunflow,100.0,100.0
22,35.0,100.0,JDK1.5-1-1.5,566.0,sunflow,100.0,100.0
23,0.0,100.0,JDK1.5-1-1.5,0.0,sunflow,100.0,100.0
24,38.0,100.0,JDK1.5-1-1.5,432.0,sunflow,100.0,100.0
25,0.0,100.0,JDK1.5-1-1.5,0.0,sunflow,100.0,100.0
26,39.0,100.0,JDK1.5-1-1.5,752.0,sunflow,100.0,100.0
27,0.0,100.0,JDK1.5-1-1.5,0.0,sunflow,100.0,100.0
28,37.0,100.0,JDK1.5-1-1.5,371.0,sunflow,100.0,100.0
29,0.0,100.0,JDK1.5-1-1.5,0.0,sunflow,100.0,100.0
30,35.0,100.0,JDK1.5-1-1.5,438.0,sunflow,100.0,100.0
31,0.0,100.0,JDK1.5-1-1.5,0.0,sunflow,100.0,100.0
32,36.0,100.0,JDK1.5-1-1.5,668.0,sunflow,100.0,100.0
0,0.0,,JDKF,0.0,sunflow,,
1,0.0,,JDKF,0.0,sunflow,,
2,53.0,,JDKF,210.0,sunflow,,
3,53.0,,JDKF,210.0,sunflow,,
4,92.0,,JDKF,438.0,sunflow,,
5,92.0,,JDKF,438.0,sunflow,,
6,0.0,,JDKF,589.0,sunflow,,
7,0.0,,JDKF,589.0,sunflow,,
8,148.0,,JDKF,593.0,sunflow,,
9,148.0,,JDKF,593.0,sunflow,,
10,178.0,,JDKF,708.0,sunflow,,
11,0.0,,JDKF,980.0,sunflow,,
12,221.0,,JDKF,982.0,sunflow,,
13,0.0,,JDKF,1075.0,sunflow,,
14,229.0,,JDKF,1078.0,sunflow,,
15,4.0,,JDKF,1097.0,sunflow,,
16,231.0,,JDKF,1100.0,sunflow,,
17,5.0,,JDKF,1120.0,sunflow,,
18,217.0,,JDKF,1121.0,sunflow,,
19,8.0,,JDKF,1139.0,sunflow,,
20,25.0,,JDKF,1141.0,sunflow,,
21,25.0,,JDKF,1141.0,sunflow,,
22,223.0,,JDKF,1167.0,sunflow,,
23,6.0,,JDKF,1191.0,sunflow,,
24,219.0,,JDKF,1193.0,sunflow,,
25,5.0,,JDKF,1220.0,sunflow,,
26,221.0,,JDKF,1222.0,sunflow,,
27,6.0,,JDKF,1251.0,sunflow,,
28,225.0,,JDKF,1253.0,sunflow,,
29,6.0,,JDKF,1281.0,sunflow,,
30,207.0,,JDKF,1283.0,sunflow,,
31,6.0,,JDKF,1309.0,sunflow,,
32,200.0,,JDKF,1311.0,sunflow,,
33,7.0,,JDKF,1335.0,sunflow,,
34,176.0,,JDKF,1337.0,sunflow,,
35,6.0,,JDKF,1360.0,sunflow,,
36,201.0,,JDKF,1362.0,sunflow,,
37,7.0,,JDKF,1383.0,sunflow,,
38,195.0,,JDKF,1385.0,sunflow,,
39,7.0,,JDKF,1407.0,sunflow,,
40,185.0,,JDKF,1409.0,sunflow,,
41,185.0,,JDKF,1409.0,sunflow,,
42,7.0,,JDKF,1429.0,sunflow,,
43,7.0,,JDKF,1429.0,sunflow,,
44,224.0,,JDKF,1431.0,sunflow,,
45,224.0,,JDKF,1431.0,sunflow,,
46,8.0,,JDKF,1450.0,sunflow,,
47,8.0,,JDKF,1450.0,sunflow,,
48,226.0,,JDKF,1452.0,sunflow,,
49,0.0,,JDKF,0.0,sunflow,,
50,0.0,,JDKF,0.0,sunflow,,
51,58.0,,JDKF,194.0,sunflow,,
52,58.0,,JDKF,194.0,sunflow,,
53,58.0,,JDKF,194.0,sunflow,,
54,58.0,,JDKF,194.0,sunflow,,
55,87.0,,JDKF,405.0,sunflow,,
56,87.0,,JDKF,405.0,sunflow,,
57,72.0,,JDKF,549.0,sunflow,,
58,1.0,,JDKF,647.0,sunflow,,
59,94.0,,JDKF,657.0,sunflow,,
60,0.0,,JDKF,915.0,sunflow,,
61,94.0,,JDKF,925.0,sunflow,,
62,0.0,,JDKF,1111.0,sunflow,,
63,94.0,,JDKF,1120.0,sunflow,,
64,7.0,,JDKF,1144.0,sunflow,,
65,146.0,,JDKF,1148.0,sunflow,,
66,7.0,,JDKF,1172.0,sunflow,,
67,135.0,,JDKF,1177.0,sunflow,,
68,4.0,,JDKF,1198.0,sunflow,,
69,16.0,,JDKF,1200.0,sunflow,,
70,16.0,,JDKF,1200.0,sunflow,,
71,62.0,,JDKF,1230.0,sunflow,,
72,62.0,,JDKF,1230.0,sunflow,,
73,303.0,,JDKF,1264.0,sunflow,,
74,5.0,,JDKF,1294.0,sunflow,,
75,186.0,,JDKF,1296.0,sunflow,,
76,4.0,,JDKF,1326.0,sunflow,,
77,179.0,,JDKF,1329.0,sunflow,,
78,5.0,,JDKF,1355.0,sunflow,,
79,198.0,,JDKF,1357.0,sunflow,,
80,5.0,,JDKF,1384.0,sunflow,,
81,189.0,,JDKF,1386.0,sunflow,,
82,5.0,,JDKF,1412.0,sunflow,,
83,183.0,,JDKF,1414.0,sunflow,,
84,6.0,,JDKF,1438.0,sunflow,,
85,205.0,,JDKF,1440.0,sunflow,,
86,8.0,,JDKF,1464.0,sunflow,,
87,192.0,,JDKF,1466.0,sunflow,,
88,7.0,,JDKF,1487.0,sunflow,,
89,207.0,,JDKF,1489.0,sunflow,,
90,207.0,,JDKF,1489.0,sunflow,,
91,7.0,,JDKF,1523.0,sunflow,,
92,7.0,,JDKF,1523.0,sunflow,,
93,203.0,,JDKF,1525.0,sunflow,,
94,0.0,,JDKF,0.0,sunflow,,
95,0.0,,JDKF,0.0,sunflow,,
96,22.0,,JDKF,210.0,sunflow,,
97,22.0,,JDKF,210.0,sunflow,,
98,22.0,,JDKF,210.0,sunflow,,
99,22.0,,JDKF,210.0,sunflow,,
100,168.0,,JDKF,428.0,sunflow,,
101,168.0,,JDKF,428.0,sunflow,,
102,0.0,,JDKF,568.0,sunflow,,
103,0.0,,JDKF,568.0,sunflow,,
104,166.0,,JDKF,571.0,sunflow,,
105,1.0,,JDKF,672.0,sunflow,,
106,132.0,,JDKF,677.0,sunflow,,
107,0.0,,JDKF,939.0,sunflow,,
108,131.0,,JDKF,944.0,sunflow,,
109,1.0,,JDKF,1093.0,sunflow,,
110,141.0,,JDKF,1098.0,sunflow,,
111,5.0,,JDKF,1129.0,sunflow,,
112,150.0,,JDKF,1132.0,sunflow,,
113,4.0,,JDKF,1161.0,sunflow,,
114,197.0,,JDKF,1163.0,sunflow,,
115,5.0,,JDKF,1191.0,sunflow,,
116,17.0,,JDKF,1193.0,sunflow,,
117,17.0,,JDKF,1193.0,sunflow,,
118,205.0,,JDKF,1232.0,sunflow,,
119,4.0,,JDKF,1269.0,sunflow,,
120,190.0,,JDKF,1271.0,sunflow,,
121,3.0,,JDKF,1311.0,sunflow,,
122,204.0,,JDKF,1313.0,sunflow,,
123,4.0,,JDKF,1351.0,sunflow,,
124,184.0,,JDKF,1353.0,sunflow,,
125,5.0,,JDKF,1380.0,sunflow,,
126,192.0,,JDKF,1382.0,sunflow,,
127,5.0,,JDKF,1408.0,sunflow,,
128,194.0,,JDKF,1410.0,sunflow,,
129,5.0,,JDKF,1437.0,sunflow,,
130,203.0,,JDKF,1439.0,sunflow,,
131,6.0,,JDKF,1463.0,sunflow,,
132,199.0,,JDKF,1465.0,sunflow,,
133,6.0,,JDKF,1490.0,sunflow,,
134,189.0,,JDKF,1492.0,sunflow,,
135,6.0,,JDKF,1516.0,sunflow,,
136,185.0,,JDKF,1518.0,sunflow,,
137,185.0,,JDKF,1518.0,sunflow,,
138,7.0,,JDKF,1539.0,sunflow,,
139,7.0,,JDKF,1539.0,sunflow,,
140,215.0,,JDKF,1541.0,sunflow,,
141,215.0,,JDKF,1541.0,sunflow,,
142,9.0,,JDKF,1561.0,sunflow,,
143,9.0,,JDKF,1561.0,sunflow,,
144,232.0,,JDKF,1563.0,sunflow,,
145,232.0,,JDKF,1563.0,sunflow,,
146,194.0,,JDKF,1587.0,sunflow,,
147,0.0,,JDKF,0.0,sunflow,,
148,0.0,,JDKF,0.0,sunflow,,
149,61.0,,JDKF,175.0,sunflow,,
150,61.0,,JDKF,175.0,sunflow,,
151,61.0,,JDKF,175.0,sunflow,,
152,61.0,,JDKF,175.0,sunflow,,
153,90.0,,JDKF,368.0,sunflow,,
154,90.0,,JDKF,368.0,sunflow,,
155,73.0,,JDKF,514.0,sunflow,,
156,2.0,,JDKF,611.0,sunflow,,
157,83.0,,JDKF,614.0,sunflow,,
158,0.0,,JDKF,871.0,sunflow,,
159,82.0,,JDKF,873.0,sunflow,,
160,1.0,,JDKF,1019.0,sunflow,,
161,84.0,,JDKF,1022.0,sunflow,,
162,11.0,,JDKF,1041.0,sunflow,,
163,82.0,,JDKF,1043.0,sunflow,,
164,11.0,,JDKF,1061.0,sunflow,,
165,86.0,,JDKF,1064.0,sunflow,,
166,14.0,,JDKF,1081.0,sunflow,,
167,10.0,,JDKF,1085.0,sunflow,,
168,10.0,,JDKF,1085.0,sunflow,,
169,8.0,,JDKF,1109.0,sunflow,,
170,8.0,,JDKF,1109.0,sunflow,,
171,70.0,,JDKF,1139.0,sunflow,,
172,70.0,,JDKF,1139.0,sunflow,,
173,82.0,,JDKF,1176.0,sunflow,,
174,82.0,,JDKF,1176.0,sunflow,,
175,83.0,,JDKF,1212.0,sunflow,,
176,83.0,,JDKF,1212.0,sunflow,,
177,65.0,,JDKF,1246.0,sunflow,,
178,65.0,,JDKF,1246.0,sunflow,,
179,81.0,,JDKF,1278.0,sunflow,,
180,81.0,,JDKF,1278.0,sunflow,,
181,78.0,,JDKF,1314.0,sunflow,,
182,78.0,,JDKF,1314.0,sunflow,,
183,62.0,,JDKF,1346.0,sunflow,,
184,62.0,,JDKF,1346.0,sunflow,,
185,86.0,,JDKF,1376.0,sunflow,,
186,0.0,,JDKF,0.0,sunflow,,
187,0.0,,JDKF,0.0,sunflow,,
188,62.0,,JDKF,200.0,sunflow,,
189,62.0,,JDKF,200.0,sunflow,,
190,139.0,,JDKF,425.0,sunflow,,
191,139.0,,JDKF,425.0,sunflow,,
192,1.0,,JDKF,570.0,sunflow,,
193,1.0,,JDKF,570.0,sunflow,,
194,150.0,,JDKF,574.0,sunflow,,
195,150.0,,JDKF,574.0,sunflow,,
196,98.0,,JDKF,697.0,sunflow,,
197,0.0,,JDKF,970.0,sunflow,,
198,131.0,,JDKF,974.0,sunflow,,
199,0.0,,JDKF,1097.0,sunflow,,
200,115.0,,JDKF,1101.0,sunflow,,
201,8.0,,JDKF,1127.0,sunflow,,
202,125.0,,JDKF,1130.0,sunflow,,
203,7.0,,JDKF,1157.0,sunflow,,
204,110.0,,JDKF,1160.0,sunflow,,
205,8.0,,JDKF,1186.0,sunflow,,
206,26.0,,JDKF,1190.0,sunflow,,
207,26.0,,JDKF,1190.0,sunflow,,
208,150.0,,JDKF,1245.0,sunflow,,
209,7.0,,JDKF,1272.0,sunflow,,
210,147.0,,JDKF,1275.0,sunflow,,
211,7.0,,JDKF,1301.0,sunflow,,
212,165.0,,JDKF,1303.0,sunflow,,
213,7.0,,JDKF,1328.0,sunflow,,
214,155.0,,JDKF,1330.0,sunflow,,
215,7.0,,JDKF,1355.0,sunflow,,
216,200.0,,JDKF,1357.0,sunflow,,
217,6.0,,JDKF,1381.0,sunflow,,
218,207.0,,JDKF,1383.0,sunflow,,
219,7.0,,JDKF,1405.0,sunflow,,
220,192.0,,JDKF,1407.0,sunflow,,
221,7.0,,JDKF,1429.0,sunflow,,
222,182.0,,JDKF,1431.0,sunflow,,
223,7.0,,JDKF,1451.0,sunflow,,
224,202.0,,JDKF,1453.0,sunflow,,
225,7.0,,JDKF,1474.0,sunflow,,
226,180.0,,JDKF,1476.0,sunflow,,
227,180.0,,JDKF,1476.0,sunflow,,
228,8.0,,JDKF,1495.0,sunflow,,
229,8.0,,JDKF,1495.0,sunflow,,
230,220.0,,JDKF,1497.0,sunflow,,
231,220.0,,JDKF,1497.0,sunflow,,
232,132.0,,JDKF,1518.0,sunflow,,
233,0.0,,JDKF,0.0,sunflow,,
234,0.0,,JDKF,0.0,sunflow,,
235,60.0,,JDKF,193.0,sunflow,,
236,60.0,,JDKF,193.0,sunflow,,
237,109.0,,JDKF,412.0,sunflow,,
238,109.0,,JDKF,412.0,sunflow,,
239,1.0,,JDKF,540.0,sunflow,,
240,1.0,,JDKF,540.0,sunflow,,
241,148.0,,JDKF,546.0,sunflow,,
242,148.0,,JDKF,546.0,sunflow,,
243,125.0,,JDKF,635.0,sunflow,,
244,0.0,,JDKF,902.0,sunflow,,
245,144.0,,JDKF,906.0,sunflow,,
246,1.0,,JDKF,1063.0,sunflow,,
247,149.0,,JDKF,1068.0,sunflow,,
248,8.0,,JDKF,1088.0,sunflow,,
249,134.0,,JDKF,1093.0,sunflow,,
250,8.0,,JDKF,1115.0,sunflow,,
251,221.0,,JDKF,1118.0,sunflow,,
252,6.0,,JDKF,1136.0,sunflow,,
253,126.0,,JDKF,1140.0,sunflow,,
254,126.0,,JDKF,1140.0,sunflow,,
255,92.0,,JDKF,1169.0,sunflow,,
256,92.0,,JDKF,1169.0,sunflow,,
257,91.0,,JDKF,1204.0,sunflow,,
258,91.0,,JDKF,1204.0,sunflow,,
259,63.0,,JDKF,1262.0,sunflow,,
260,63.0,,JDKF,1262.0,sunflow,,
261,243.0,,JDKF,1300.0,sunflow,,
262,3.0,,JDKF,1333.0,sunflow,,
263,237.0,,JDKF,1336.0,sunflow,,
264,6.0,,JDKF,1370.0,sunflow,,
265,250.0,,JDKF,1373.0,sunflow,,
266,7.0,,JDKF,1403.0,sunflow,,
267,214.0,,JDKF,1406.0,sunflow,,
268,3.0,,JDKF,1433.0,sunflow,,
269,261.0,,JDKF,1435.0,sunflow,,
270,11.0,,JDKF,1460.0,sunflow,,
271,178.0,,JDKF,1464.0,sunflow,,
272,0.0,,JDKF,0.0,sunflow,,
273,0.0,,JDKF,0.0,sunflow,,
274,25.0,,JDKF,197.0,sunflow,,
275,25.0,,JDKF,197.0,sunflow,,
276,25.0,,JDKF,197.0,sunflow,,
277,25.0,,JDKF,197.0,sunflow,,
278,87.0,,JDKF,425.0,sunflow,,
279,87.0,,JDKF,425.0,sunflow,,
280,1.0,,JDKF,571.0,sunflow,,
281,1.0,,JDKF,571.0,sunflow,,
282,87.0,,JDKF,573.0,sunflow,,
283,87.0,,JDKF,573.0,sunflow,,
284,2.0,,JDKF,683.0,sunflow,,
285,2.0,,JDKF,683.0,sunflow,,
286,94.0,,JDKF,693.0,sunflow,,
287,94.0,,JDKF,693.0,sunflow,,
288,0.0,,JDKF,964.0,sunflow,,
289,0.0,,JDKF,964.0,sunflow,,
290,94.0,,JDKF,974.0,sunflow,,
291,1.0,,JDKF,1096.0,sunflow,,
292,89.0,,JDKF,1098.0,sunflow,,
293,12.0,,JDKF,1116.0,sunflow,,
294,89.0,,JDKF,1119.0,sunflow,,
295,11.0,,JDKF,1138.0,sunflow,,
296,92.0,,JDKF,1142.0,sunflow,,
297,15.0,,JDKF,1159.0,sunflow,,
298,12.0,,JDKF,1164.0,sunflow,,
299,12.0,,JDKF,1164.0,sunflow,,
300,63.0,,JDKF,1192.0,sunflow,,
301,63.0,,JDKF,1192.0,sunflow,,
302,68.0,,JDKF,1229.0,sunflow,,
303,68.0,,JDKF,1229.0,sunflow,,
304,67.0,,JDKF,1268.0,sunflow,,
305,67.0,,JDKF,1268.0,sunflow,,
306,81.0,,JDKF,1304.0,sunflow,,
307,81.0,,JDKF,1304.0,sunflow,,
308,79.0,,JDKF,1338.0,sunflow,,
309,79.0,,JDKF,1338.0,sunflow,,
310,79.0,,JDKF,1338.0,sunflow,,
311,79.0,,JDKF,1338.0,sunflow,,
312,84.0,,JDKF,1372.0,sunflow,,
313,84.0,,JDKF,1372.0,sunflow,,
314,82.0,,JDKF,1408.0,sunflow,,
315,82.0,,JDKF,1408.0,sunflow,,
316,83.0,,JDKF,1443.0,sunflow,,
317,83.0,,JDKF,1443.0,sunflow,,
318,83.0,,JDKF,1473.0,sunflow,,
319,0.0,,JDKF,0.0,sunflow,,
320,0.0,,JDKF,0.0,sunflow,,
321,57.0,,JDKF,199.0,sunflow,,
322,57.0,,JDKF,199.0,sunflow,,
323,86.0,,JDKF,420.0,sunflow,,
324,86.0,,JDKF,420.0,sunflow,,
325,1.0,,JDKF,569.0,sunflow,,
326,1.0,,JDKF,569.0,sunflow,,
327,94.0,,JDKF,578.0,sunflow,,
328,94.0,,JDKF,578.0,sunflow,,
329,71.0,,JDKF,697.0,sunflow,,
330,0.0,,JDKF,965.0,sunflow,,
331,82.0,,JDKF,968.0,sunflow,,
332,2.0,,JDKF,1047.0,sunflow,,
333,87.0,,JDKF,1049.0,sunflow,,
334,8.0,,JDKF,1074.0,sunflow,,
335,87.0,,JDKF,1077.0,sunflow,,
336,8.0,,JDKF,1103.0,sunflow,,
337,82.0,,JDKF,1105.0,sunflow,,
338,9.0,,JDKF,1129.0,sunflow,,
339,89.0,,JDKF,1132.0,sunflow,,
340,9.0,,JDKF,1157.0,sunflow,,
341,87.0,,JDKF,1160.0,sunflow,,
342,10.0,,JDKF,1186.0,sunflow,,
343,87.0,,JDKF,1190.0,sunflow,,
344,5.0,,JDKF,1215.0,sunflow,,
345,9.0,,JDKF,1219.0,sunflow,,
346,9.0,,JDKF,1219.0,sunflow,,
347,53.0,,JDKF,1260.0,sunflow,,
348,53.0,,JDKF,1260.0,sunflow,,
349,72.0,,JDKF,1301.0,sunflow,,
350,72.0,,JDKF,1301.0,sunflow,,
351,87.0,,JDKF,1340.0,sunflow,,
352,9.0,,JDKF,1376.0,sunflow,,
353,89.0,,JDKF,1381.0,sunflow,,
354,6.0,,JDKF,1415.0,sunflow,,
355,72.0,,JDKF,1418.0,sunflow,,
356,72.0,,JDKF,1418.0,sunflow,,
357,66.0,,JDKF,1450.0,sunflow,,
358,5.0,,JDKF,1474.0,sunflow,,
359,85.0,,JDKF,1476.0,sunflow,,
360,7.0,,JDKF,1505.0,sunflow,,
361,87.0,,JDKF,1507.0,sunflow,,
362,0.0,,JDKF,0.0,sunflow,,
363,0.0,,JDKF,0.0,sunflow,,
364,59.0,,JDKF,187.0,sunflow,,
365,59.0,,JDKF,187.0,sunflow,,
366,84.0,,JDKF,391.0,sunflow,,
367,84.0,,JDKF,391.0,sunflow,,
368,1.0,,JDKF,513.0,sunflow,,
369,1.0,,JDKF,513.0,sunflow,,
370,86.0,,JDKF,516.0,sunflow,,
371,86.0,,JDKF,516.0,sunflow,,
372,85.0,,JDKF,603.0,sunflow,,
373,0.0,,JDKF,862.0,sunflow,,
374,103.0,,JDKF,867.0,sunflow,,
375,0.0,,JDKF,1042.0,sunflow,,
376,129.0,,JDKF,1044.0,sunflow,,
377,9.0,,JDKF,1063.0,sunflow,,
378,145.0,,JDKF,1065.0,sunflow,,
379,7.0,,JDKF,1085.0,sunflow,,
380,129.0,,JDKF,1087.0,sunflow,,
381,8.0,,JDKF,1106.0,sunflow,,
382,140.0,,JDKF,1108.0,sunflow,,
383,6.0,,JDKF,1133.0,sunflow,,
384,152.0,,JDKF,1135.0,sunflow,,
385,9.0,,JDKF,1151.0,sunflow,,
386,139.0,,JDKF,1153.0,sunflow,,
387,9.0,,JDKF,1170.0,sunflow,,
388,150.0,,JDKF,1172.0,sunflow,,
389,7.0,,JDKF,1193.0,sunflow,,
390,140.0,,JDKF,1195.0,sunflow,,
391,5.0,,JDKF,1225.0,sunflow,,
392,146.0,,JDKF,1227.0,sunflow,,
393,9.0,,JDKF,1245.0,sunflow,,
394,147.0,,JDKF,1247.0,sunflow,,
395,9.0,,JDKF,1264.0,sunflow,,
396,145.0,,JDKF,1266.0,sunflow,,
397,9.0,,JDKF,1283.0,sunflow,,
398,13.0,,JDKF,1285.0,sunflow,,
399,13.0,,JDKF,1285.0,sunflow,,
400,12.0,,JDKF,1309.0,sunflow,,
401,12.0,,JDKF,1309.0,sunflow,,
402,199.0,,JDKF,1339.0,sunflow,,
403,199.0,,JDKF,1339.0,sunflow,,
404,10.0,,JDKF,1366.0,sunflow,,
405,10.0,,JDKF,1366.0,sunflow,,
406,162.0,,JDKF,1368.0,sunflow,,
407,162.0,,JDKF,1368.0,sunflow,,
408,124.0,,JDKF,1397.0,sunflow,,
409,124.0,,JDKF,1397.0,sunflow,,
410,145.0,,JDKF,1423.0,sunflow,,
411,0.0,,JDKF,0.0,sunflow,,
412,0.0,,JDKF,0.0,sunflow,,
413,49.0,,JDKF,208.0,sunflow,,
414,49.0,,JDKF,208.0,sunflow,,
415,49.0,,JDKF,208.0,sunflow,,
416,49.0,,JDKF,208.0,sunflow,,
417,84.0,,JDKF,430.0,sunflow,,
418,84.0,,JDKF,430.0,sunflow,,
419,70.0,,JDKF,575.0,sunflow,,
420,1.0,,JDKF,679.0,sunflow,,
421,81.0,,JDKF,682.0,sunflow,,
422,0.0,,JDKF,939.0,sunflow,,
423,86.0,,JDKF,943.0,sunflow,,
424,1.0,,JDKF,1098.0,sunflow,,
425,86.0,,JDKF,1101.0,sunflow,,
426,12.0,,JDKF,1120.0,sunflow,,
427,87.0,,JDKF,1122.0,sunflow,,
428,11.0,,JDKF,1141.0,sunflow,,
429,91.0,,JDKF,1145.0,sunflow,,
430,15.0,,JDKF,1162.0,sunflow,,
431,12.0,,JDKF,1169.0,sunflow,,
432,12.0,,JDKF,1169.0,sunflow,,
433,64.0,,JDKF,1198.0,sunflow,,
434,64.0,,JDKF,1198.0,sunflow,,
435,72.0,,JDKF,1235.0,sunflow,,
436,72.0,,JDKF,1235.0,sunflow,,
437,74.0,,JDKF,1279.0,sunflow,,
438,74.0,,JDKF,1279.0,sunflow,,
439,79.0,,JDKF,1319.0,sunflow,,
440,79.0,,JDKF,1319.0,sunflow,,
441,75.0,,JDKF,1356.0,sunflow,,
442,75.0,,JDKF,1356.0,sunflow,,
443,72.0,,JDKF,1390.0,sunflow,,
444,72.0,,JDKF,1390.0,sunflow,,
445,91.0,,JDKF,1426.0,sunflow,,
446,91.0,,JDKF,1426.0,sunflow,,
447,94.0,,JDKF,1459.0,sunflow,,
448,94.0,,JDKF,1459.0,sunflow,,
449,107.0,,JDKF,1488.0,sunflow,,
450,0.0,,JDKF,0.0,sunflow,,
451,0.0,,JDKF,0.0,sunflow,,
452,28.0,,JDKF,177.0,sunflow,,
453,28.0,,JDKF,177.0,sunflow,,
454,28.0,,JDKF,177.0,sunflow,,
455,28.0,,JDKF,177.0,sunflow,,
456,87.0,,JDKF,385.0,sunflow,,
457,87.0,,JDKF,385.0,sunflow,,
458,73.0,,JDKF,528.0,sunflow,,
459,1.0,,JDKF,628.0,sunflow,,
460,87.0,,JDKF,630.0,sunflow,,
461,0.0,,JDKF,888.0,sunflow,,
462,100.0,,JDKF,893.0,sunflow,,
463,0.0,,JDKF,1060.0,sunflow,,
464,160.0,,JDKF,1062.0,sunflow,,
465,9.0,,JDKF,1080.0,sunflow,,
466,158.0,,JDKF,1082.0,sunflow,,
467,8.0,,JDKF,1101.0,sunflow,,
468,158.0,,JDKF,1103.0,sunflow,,
469,8.0,,JDKF,1120.0,sunflow,,
470,155.0,,JDKF,1122.0,sunflow,,
471,9.0,,JDKF,1141.0,sunflow,,
472,165.0,,JDKF,1143.0,sunflow,,
473,12.0,,JDKF,1161.0,sunflow,,
474,15.0,,JDKF,1163.0,sunflow,,
475,15.0,,JDKF,1163.0,sunflow,,
476,158.0,,JDKF,1189.0,sunflow,,
477,7.0,,JDKF,1214.0,sunflow,,
478,160.0,,JDKF,1216.0,sunflow,,
479,7.0,,JDKF,1241.0,sunflow,,
480,168.0,,JDKF,1243.0,sunflow,,
481,8.0,,JDKF,1267.0,sunflow,,
482,166.0,,JDKF,1269.0,sunflow,,
483,12.0,,JDKF,1292.0,sunflow,,
484,155.0,,JDKF,1294.0,sunflow,,
485,12.0,,JDKF,1315.0,sunflow,,
486,154.0,,JDKF,1317.0,sunflow,,
487,7.0,,JDKF,1340.0,sunflow,,
488,154.0,,JDKF,1341.0,sunflow,,
489,7.0,,JDKF,1363.0,sunflow,,
490,156.0,,JDKF,1365.0,sunflow,,
491,156.0,,JDKF,1365.0,sunflow,,
492,8.0,,JDKF,1386.0,sunflow,,
493,8.0,,JDKF,1386.0,sunflow,,
494,162.0,,JDKF,1388.0,sunflow,,
495,162.0,,JDKF,1388.0,sunflow,,
496,10.0,,JDKF,1407.0,sunflow,,
497,10.0,,JDKF,1407.0,sunflow,,
498,159.0,,JDKF,1409.0,sunflow,,
499,159.0,,JDKF,1409.0,sunflow,,
500,138.0,,JDKF,1429.0,sunflow,,
501,0.0,,JDKF,0.0,sunflow,,
502,0.0,,JDKF,0.0,sunflow,,
503,50.0,,JDKF,196.0,sunflow,,
504,50.0,,JDKF,196.0,sunflow,,
505,85.0,,JDKF,392.0,sunflow,,
506,85.0,,JDKF,392.0,sunflow,,
507,1.0,,JDKF,499.0,sunflow,,
508,1.0,,JDKF,499.0,sunflow,,
509,88.0,,JDKF,501.0,sunflow,,
510,88.0,,JDKF,501.0,sunflow,,
511,86.0,,JDKF,589.0,sunflow,,
512,0.0,,JDKF,860.0,sunflow,,
513,97.0,,JDKF,865.0,sunflow,,
514,0.0,,JDKF,1056.0,sunflow,,
515,160.0,,JDKF,1058.0,sunflow,,
516,10.0,,JDKF,1076.0,sunflow,,
517,156.0,,JDKF,1078.0,sunflow,,
518,8.0,,JDKF,1098.0,sunflow,,
519,149.0,,JDKF,1100.0,sunflow,,
520,9.0,,JDKF,1116.0,sunflow,,
521,162.0,,JDKF,1118.0,sunflow,,
522,8.0,,JDKF,1136.0,sunflow,,
523,166.0,,JDKF,1138.0,sunflow,,
524,10.0,,JDKF,1157.0,sunflow,,
525,162.0,,JDKF,1158.0,sunflow,,
526,9.0,,JDKF,1176.0,sunflow,,
527,159.0,,JDKF,1178.0,sunflow,,
528,8.0,,JDKF,1197.0,sunflow,,
529,160.0,,JDKF,1200.0,sunflow,,
530,12.0,,JDKF,1220.0,sunflow,,
531,159.0,,JDKF,1222.0,sunflow,,
532,9.0,,JDKF,1242.0,sunflow,,
533,155.0,,JDKF,1244.0,sunflow,,
534,12.0,,JDKF,1263.0,sunflow,,
535,12.0,,JDKF,1265.0,sunflow,,
536,12.0,,JDKF,1265.0,sunflow,,
537,133.0,,JDKF,1292.0,sunflow,,
538,6.0,,JDKF,1316.0,sunflow,,
539,135.0,,JDKF,1318.0,sunflow,,
540,6.0,,JDKF,1342.0,sunflow,,
541,160.0,,JDKF,1344.0,sunflow,,
542,160.0,,JDKF,1344.0,sunflow,,
543,7.0,,JDKF,1367.0,sunflow,,
544,7.0,,JDKF,1367.0,sunflow,,
545,161.0,,JDKF,1369.0,sunflow,,
546,161.0,,JDKF,1369.0,sunflow,,
547,8.0,,JDKF,1390.0,sunflow,,
548,8.0,,JDKF,1390.0,sunflow,,
549,162.0,,JDKF,1392.0,sunflow,,
550,162.0,,JDKF,1392.0,sunflow,,
551,102.0,,JDKF,1414.0,sunflow,,
552,102.0,,JDKF,1414.0,sunflow,,
553,8.0,,JDKF,1429.0,sunflow,,
554,8.0,,JDKF,1429.0,sunflow,,
555,155.0,,JDKF,1431.0,sunflow,,
556,0.0,,JDKF,0.0,sunflow,,
557,0.0,,JDKF,0.0,sunflow,,
558,59.0,,JDKF,184.0,sunflow,,
559,59.0,,JDKF,184.0,sunflow,,
560,83.0,,JDKF,389.0,sunflow,,
561,83.0,,JDKF,389.0,sunflow,,
562,1.0,,JDKF,520.0,sunflow,,
563,1.0,,JDKF,520.0,sunflow,,
564,86.0,,JDKF,522.0,sunflow,,
565,86.0,,JDKF,522.0,sunflow,,
566,83.0,,JDKF,598.0,sunflow,,
567,0.0,,JDKF,863.0,sunflow,,
568,88.0,,JDKF,866.0,sunflow,,
569,0.0,,JDKF,1151.0,sunflow,,
570,82.0,,JDKF,1154.0,sunflow,,
571,4.0,,JDKF,1206.0,sunflow,,
572,84.0,,JDKF,1208.0,sunflow,,
573,9.0,,JDKF,1228.0,sunflow,,
574,85.0,,JDKF,1231.0,sunflow,,
575,14.0,,JDKF,1248.0,sunflow,,
576,86.0,,JDKF,1252.0,sunflow,,
577,6.0,,JDKF,1270.0,sunflow,,
578,8.0,,JDKF,1274.0,sunflow,,
579,8.0,,JDKF,1274.0,sunflow,,
580,50.0,,JDKF,1303.0,sunflow,,
581,50.0,,JDKF,1303.0,sunflow,,
582,67.0,,JDKF,1337.0,sunflow,,
583,67.0,,JDKF,1337.0,sunflow,,
584,83.0,,JDKF,1376.0,sunflow,,
585,83.0,,JDKF,1376.0,sunflow,,
586,83.0,,JDKF,1412.0,sunflow,,
587,83.0,,JDKF,1412.0,sunflow,,
588,65.0,,JDKF,1448.0,sunflow,,
589,65.0,,JDKF,1448.0,sunflow,,
590,80.0,,JDKF,1481.0,sunflow,,
591,80.0,,JDKF,1481.0,sunflow,,
592,81.0,,JDKF,1514.0,sunflow,,
593,81.0,,JDKF,1514.0,sunflow,,
594,78.0,,JDKF,1543.0,sunflow,,
595,0.0,,JDKF,0.0,sunflow,,
596,0.0,,JDKF,0.0,sunflow,,
597,58.0,,JDKF,209.0,sunflow,,
598,58.0,,JDKF,209.0,sunflow,,
599,92.0,,JDKF,428.0,sunflow,,
600,92.0,,JDKF,428.0,sunflow,,
601,1.0,,JDKF,568.0,sunflow,,
602,1.0,,JDKF,568.0,sunflow,,
603,153.0,,JDKF,572.0,sunflow,,
604,153.0,,JDKF,572.0,sunflow,,
605,133.0,,JDKF,658.0,sunflow,,
606,0.0,,JDKF,922.0,sunflow,,
607,132.0,,JDKF,926.0,sunflow,,
608,1.0,,JDKF,1041.0,sunflow,,
609,170.0,,JDKF,1045.0,sunflow,,
610,6.0,,JDKF,1064.0,sunflow,,
611,160.0,,JDKF,1068.0,sunflow,,
612,5.0,,JDKF,1089.0,sunflow,,
613,164.0,,JDKF,1093.0,sunflow,,
614,6.0,,JDKF,1111.0,sunflow,,
615,14.0,,JDKF,1113.0,sunflow,,
616,14.0,,JDKF,1113.0,sunflow,,
617,12.0,,JDKF,1139.0,sunflow,,
618,12.0,,JDKF,1139.0,sunflow,,
619,75.0,,JDKF,1170.0,sunflow,,
620,75.0,,JDKF,1170.0,sunflow,,
621,164.0,,JDKF,1206.0,sunflow,,
622,6.0,,JDKF,1240.0,sunflow,,
623,164.0,,JDKF,1243.0,sunflow,,
624,4.0,,JDKF,1275.0,sunflow,,
625,135.0,,JDKF,1278.0,sunflow,,
626,8.0,,JDKF,1310.0,sunflow,,
627,140.0,,JDKF,1312.0,sunflow,,
628,6.0,,JDKF,1341.0,sunflow,,
629,144.0,,JDKF,1343.0,sunflow,,
630,6.0,,JDKF,1369.0,sunflow,,
631,146.0,,JDKF,1371.0,sunflow,,
632,7.0,,JDKF,1394.0,sunflow,,
633,152.0,,JDKF,1396.0,sunflow,,
634,0.0,,JDKF,0.0,sunflow,,
635,0.0,,JDKF,0.0,sunflow,,
636,57.0,,JDKF,176.0,sunflow,,
637,57.0,,JDKF,176.0,sunflow,,
638,81.0,,JDKF,381.0,sunflow,,
639,81.0,,JDKF,381.0,sunflow,,
640,1.0,,JDKF,490.0,sunflow,,
641,1.0,,JDKF,490.0,sunflow,,
642,88.0,,JDKF,492.0,sunflow,,
643,88.0,,JDKF,492.0,sunflow,,
644,80.0,,JDKF,576.0,sunflow,,
645,0.0,,JDKF,846.0,sunflow,,
646,89.0,,JDKF,849.0,sunflow,,
647,0.0,,JDKF,1118.0,sunflow,,
648,88.0,,JDKF,1122.0,sunflow,,
649,1.0,,JDKF,1288.0,sunflow,,
650,84.0,,JDKF,1291.0,sunflow,,
651,11.0,,JDKF,1310.0,sunflow,,
652,83.0,,JDKF,1312.0,sunflow,,
653,13.0,,JDKF,1328.0,sunflow,,
654,84.0,,JDKF,1330.0,sunflow,,
655,12.0,,JDKF,1347.0,sunflow,,
656,10.0,,JDKF,1351.0,sunflow,,
657,10.0,,JDKF,1351.0,sunflow,,
658,9.0,,JDKF,1376.0,sunflow,,
659,9.0,,JDKF,1376.0,sunflow,,
660,90.0,,JDKF,1408.0,sunflow,,
661,90.0,,JDKF,1408.0,sunflow,,
662,70.0,,JDKF,1444.0,sunflow,,
663,70.0,,JDKF,1444.0,sunflow,,
664,158.0,,JDKF,1476.0,sunflow,,
665,5.0,,JDKF,1504.0,sunflow,,
666,163.0,,JDKF,1507.0,sunflow,,
667,10.0,,JDKF,1533.0,sunflow,,
668,151.0,,JDKF,1535.0,sunflow,,
669,6.0,,JDKF,1561.0,sunflow,,
670,153.0,,JDKF,1563.0,sunflow,,
671,8.0,,JDKF,1585.0,sunflow,,
672,146.0,,JDKF,1587.0,sunflow,,
673,0.0,,JDKF,0.0,sunflow,,
674,0.0,,JDKF,0.0,sunflow,,
675,55.0,,JDKF,208.0,sunflow,,
676,55.0,,JDKF,208.0,sunflow,,
677,55.0,,JDKF,208.0,sunflow,,
678,55.0,,JDKF,208.0,sunflow,,
679,108.0,,JDKF,424.0,sunflow,,
680,108.0,,JDKF,424.0,sunflow,,
681,213.0,,JDKF,571.0,sunflow,,
682,2.0,,JDKF,668.0,sunflow,,
683,179.0,,JDKF,670.0,sunflow,,
684,0.0,,JDKF,911.0,sunflow,,
685,163.0,,JDKF,915.0,sunflow,,
686,1.0,,JDKF,1050.0,sunflow,,
687,143.0,,JDKF,1054.0,sunflow,,
688,6.0,,JDKF,1073.0,sunflow,,
689,209.0,,JDKF,1075.0,sunflow,,
690,8.0,,JDKF,1091.0,sunflow,,
691,215.0,,JDKF,1093.0,sunflow,,
692,7.0,,JDKF,1109.0,sunflow,,
693,18.0,,JDKF,1110.0,sunflow,,
694,18.0,,JDKF,1110.0,sunflow,,
695,199.0,,JDKF,1133.0,sunflow,,
696,6.0,,JDKF,1154.0,sunflow,,
697,198.0,,JDKF,1155.0,sunflow,,
698,6.0,,JDKF,1178.0,sunflow,,
699,208.0,,JDKF,1179.0,sunflow,,
700,6.0,,JDKF,1202.0,sunflow,,
701,210.0,,JDKF,1203.0,sunflow,,
702,6.0,,JDKF,1226.0,sunflow,,
703,205.0,,JDKF,1227.0,sunflow,,
704,6.0,,JDKF,1248.0,sunflow,,
705,197.0,,JDKF,1250.0,sunflow,,
706,7.0,,JDKF,1271.0,sunflow,,
707,194.0,,JDKF,1273.0,sunflow,,
708,7.0,,JDKF,1293.0,sunflow,,
709,204.0,,JDKF,1295.0,sunflow,,
710,8.0,,JDKF,1314.0,sunflow,,
711,219.0,,JDKF,1316.0,sunflow,,
712,8.0,,JDKF,1335.0,sunflow,,
713,218.0,,JDKF,1337.0,sunflow,,
714,8.0,,JDKF,1355.0,sunflow,,
715,210.0,,JDKF,1356.0,sunflow,,
716,210.0,,JDKF,1356.0,sunflow,,
717,9.0,,JDKF,1373.0,sunflow,,
718,9.0,,JDKF,1373.0,sunflow,,
719,226.0,,JDKF,1374.0,sunflow,,
720,226.0,,JDKF,1374.0,sunflow,,
721,177.0,,JDKF,1392.0,sunflow,,
0,0.0,100.0,JDK0.5-1-1,0.0,sunflow,100.0,100.0
1,36.0,100.0,JDK0.5-1-1,333.0,sunflow,100.0,100.0
2,0.0,100.0,JDK0.5-1-1,0.0,sunflow,100.0,100.0
3,36.0,100.0,JDK0.5-1-1,357.0,sunflow,100.0,100.0
4,0.0,100.0,JDK0.5-1-1,0.0,sunflow,100.0,100.0
5,138.0,100.0,JDK0.5-1-1,349.0,sunflow,100.0,100.0
6,0.0,100.0,JDK0.5-1-1,0.0,sunflow,100.0,100.0
7,32.0,100.0,JDK0.5-1-1,295.0,sunflow,100.0,100.0
8,0.0,100.0,JDK0.5-1-1,0.0,sunflow,100.0,100.0
9,43.0,100.0,JDK0.5-1-1,287.0,sunflow,100.0,100.0
10,0.0,100.0,JDK0.5-1-1,0.0,sunflow,100.0,100.0
11,33.0,100.0,JDK0.5-1-1,336.0,sunflow,100.0,100.0
12,0.0,100.0,JDK0.5-1-1,0.0,sunflow,100.0,100.0
13,42.0,100.0,JDK0.5-1-1,302.0,sunflow,100.0,100.0
14,0.0,100.0,JDK0.5-1-1,0.0,sunflow,100.0,100.0
15,35.0,100.0,JDK0.5-1-1,333.0,sunflow,100.0,100.0
16,0.0,100.0,JDK0.5-1-1,0.0,sunflow,100.0,100.0
17,31.0,100.0,JDK0.5-1-1,331.0,sunflow,100.0,100.0
18,0.0,0.0,JDK0.5-1-1,0.0,sunflow,100.0,100.0
19,0.0,100.0,JDK0.5-1-1,0.0,sunflow,100.0,100.0
20,32.0,100.0,JDK0.5-1-1,335.0,sunflow,100.0,100.0
21,0.0,100.0,JDK0.5-1-1,0.0,sunflow,100.0,100.0
22,35.0,100.0,JDK0.5-1-1,338.0,sunflow,100.0,100.0
23,0.0,100.0,JDK0.5-1-1,0.0,sunflow,100.0,100.0
24,35.0,100.0,JDK0.5-1-1,359.0,sunflow,100.0,100.0
25,0.0,100.0,JDK0.5-1-1,0.0,sunflow,100.0,100.0
26,33.0,100.0,JDK0.5-1-1,349.0,sunflow,100.0,100.0
27,0.0,100.0,JDK0.5-1-1,0.0,sunflow,100.0,100.0
28,34.0,100.0,JDK0.5-1-1,444.0,sunflow,100.0,100.0
29,0.0,100.0,JDK0.5-1-1,0.0,sunflow,100.0,100.0
30,33.0,100.0,JDK0.5-1-1,371.0,sunflow,100.0,100.0
31,0.0,100.0,JDK0.5-1-1,0.0,sunflow,100.0,100.0
32,36.0,100.0,JDK0.5-1-1,323.0,sunflow,100.0,100.0
0,0.0,100.0,JDK1.5-1-0.5,0.0,sunflow,100.0,100.0
1,32.0,100.0,JDK1.5-1-0.5,330.0,sunflow,100.0,100.0
2,0.0,100.0,JDK1.5-1-0.5,0.0,sunflow,100.0,100.0
3,32.0,100.0,JDK1.5-1-0.5,335.0,sunflow,100.0,100.0
4,0.0,100.0,JDK1.5-1-0.5,0.0,sunflow,100.0,100.0
5,33.0,100.0,JDK1.5-1-0.5,354.0,sunflow,100.0,100.0
6,0.0,100.0,JDK1.5-1-0.5,0.0,sunflow,100.0,100.0
7,35.0,100.0,JDK1.5-1-0.5,338.0,sunflow,100.0,100.0
8,0.0,100.0,JDK1.5-1-0.5,0.0,sunflow,100.0,100.0
9,36.0,100.0,JDK1.5-1-0.5,482.0,sunflow,100.0,100.0
10,0.0,100.0,JDK1.5-1-0.5,0.0,sunflow,100.0,100.0
11,36.0,100.0,JDK1.5-1-0.5,332.0,sunflow,100.0,100.0
12,0.0,100.0,JDK1.5-1-0.5,0.0,sunflow,100.0,100.0
13,35.0,100.0,JDK1.5-1-0.5,345.0,sunflow,100.0,100.0
14,0.0,100.0,JDK1.5-1-0.5,0.0,sunflow,100.0,100.0
15,32.0,100.0,JDK1.5-1-0.5,325.0,sunflow,100.0,100.0
16,0.0,100.0,JDK1.5-1-0.5,0.0,sunflow,100.0,100.0
17,35.0,100.0,JDK1.5-1-0.5,487.0,sunflow,100.0,100.0
18,0.0,100.0,JDK1.5-1-0.5,0.0,sunflow,100.0,100.0
19,27.0,100.0,JDK1.5-1-0.5,327.0,sunflow,100.0,100.0
20,0.0,100.0,JDK1.5-1-0.5,0.0,sunflow,100.0,100.0
21,35.0,100.0,JDK1.5-1-0.5,294.0,sunflow,100.0,100.0
22,0.0,100.0,JDK1.5-1-0.5,0.0,sunflow,100.0,100.0
23,35.0,100.0,JDK1.5-1-0.5,374.0,sunflow,100.0,100.0
24,0.0,100.0,JDK1.5-1-0.5,0.0,sunflow,100.0,100.0
25,36.0,100.0,JDK1.5-1-0.5,294.0,sunflow,100.0,100.0
26,0.0,0.0,JDK1.5-1-0.5,0.0,sunflow,100.0,100.0
27,0.0,100.0,JDK1.5-1-0.5,0.0,sunflow,100.0,100.0
28,38.0,100.0,JDK1.5-1-0.5,284.0,sunflow,100.0,100.0
29,0.0,100.0,JDK1.5-1-0.5,0.0,sunflow,100.0,100.0
30,36.0,100.0,JDK1.5-1-0.5,323.0,sunflow,100.0,100.0
31,0.0,100.0,JDK1.5-1-0.5,0.0,sunflow,100.0,100.0
32,33.0,100.0,JDK1.5-1-0.5,328.0,sunflow,100.0,100.0
0,0.0,100.0,JDK1-1-0.5,0.0,sunflow,100.0,100.0
1,32.0,100.0,JDK1-1-0.5,293.0,sunflow,100.0,100.0
2,0.0,100.0,JDK1-1-0.5,0.0,sunflow,100.0,100.0
3,34.0,100.0,JDK1-1-0.5,320.0,sunflow,100.0,100.0
4,0.0,100.0,JDK1-1-0.5,0.0,sunflow,100.0,100.0
5,35.0,100.0,JDK1-1-0.5,331.0,sunflow,100.0,100.0
6,0.0,100.0,JDK1-1-0.5,0.0,sunflow,100.0,100.0
7,31.0,100.0,JDK1-1-0.5,334.0,sunflow,100.0,100.0
8,0.0,100.0,JDK1-1-0.5,0.0,sunflow,100.0,100.0
9,34.0,100.0,JDK1-1-0.5,329.0,sunflow,100.0,100.0
10,0.0,100.0,JDK1-1-0.5,0.0,sunflow,100.0,100.0
11,34.0,100.0,JDK1-1-0.5,328.0,sunflow,100.0,100.0
12,0.0,100.0,JDK1-1-0.5,0.0,sunflow,100.0,100.0
13,31.0,100.0,JDK1-1-0.5,367.0,sunflow,100.0,100.0
14,0.0,100.0,JDK1-1-0.5,0.0,sunflow,100.0,100.0
15,31.0,100.0,JDK1-1-0.5,333.0,sunflow,100.0,100.0
16,0.0,100.0,JDK1-1-0.5,0.0,sunflow,100.0,100.0
17,36.0,100.0,JDK1-1-0.5,283.0,sunflow,100.0,100.0
18,0.0,0.0,JDK1-1-0.5,0.0,sunflow,100.0,100.0
19,0.0,100.0,JDK1-1-0.5,0.0,sunflow,100.0,100.0
20,31.0,100.0,JDK1-1-0.5,342.0,sunflow,100.0,100.0
21,0.0,100.0,JDK1-1-0.5,0.0,sunflow,100.0,100.0
22,35.0,100.0,JDK1-1-0.5,483.0,sunflow,100.0,100.0
23,0.0,100.0,JDK1-1-0.5,0.0,sunflow,100.0,100.0
24,31.0,100.0,JDK1-1-0.5,333.0,sunflow,100.0,100.0
25,0.0,100.0,JDK1-1-0.5,0.0,sunflow,100.0,100.0
26,36.0,100.0,JDK1-1-0.5,284.0,sunflow,100.0,100.0
27,0.0,100.0,JDK1-1-0.5,0.0,sunflow,100.0,100.0
28,36.0,100.0,JDK1-1-0.5,387.0,sunflow,100.0,100.0
29,0.0,100.0,JDK1-1-0.5,0.0,sunflow,100.0,100.0
30,39.0,100.0,JDK1-1-0.5,362.0,sunflow,100.0,100.0
31,0.0,100.0,JDK1-1-0.5,0.0,sunflow,100.0,100.0
32,32.0,100.0,JDK1-1-0.5,333.0,sunflow,100.0,100.0
0,0.0,100.0,JDK1-1-1,0.0,sunflow,100.0,100.0
1,31.0,100.0,JDK1-1-1,405.0,sunflow,100.0,100.0
2,0.0,100.0,JDK1-1-1,0.0,sunflow,100.0,100.0
3,34.0,100.0,JDK1-1-1,280.0,sunflow,100.0,100.0
4,0.0,100.0,JDK1-1-1,0.0,sunflow,100.0,100.0
5,35.0,100.0,JDK1-1-1,327.0,sunflow,100.0,100.0
6,0.0,100.0,JDK1-1-1,0.0,sunflow,100.0,100.0
7,31.0,100.0,JDK1-1-1,338.0,sunflow,100.0,100.0
8,0.0,100.0,JDK1-1-1,0.0,sunflow,100.0,100.0
9,31.0,100.0,JDK1-1-1,329.0,sunflow,100.0,100.0
10,0.0,100.0,JDK1-1-1,0.0,sunflow,100.0,100.0
11,35.0,100.0,JDK1-1-1,288.0,sunflow,100.0,100.0
12,0.0,100.0,JDK1-1-1,0.0,sunflow,100.0,100.0
13,35.0,100.0,JDK1-1-1,327.0,sunflow,100.0,100.0
14,0.0,100.0,JDK1-1-1,0.0,sunflow,100.0,100.0
15,32.0,100.0,JDK1-1-1,337.0,sunflow,100.0,100.0
16,0.0,100.0,JDK1-1-1,0.0,sunflow,100.0,100.0
17,32.0,100.0,JDK1-1-1,330.0,sunflow,100.0,100.0
18,0.0,100.0,JDK1-1-1,0.0,sunflow,100.0,100.0
19,37.0,100.0,JDK1-1-1,293.0,sunflow,100.0,100.0
20,0.0,100.0,JDK1-1-1,0.0,sunflow,100.0,100.0
21,35.0,100.0,JDK1-1-1,329.0,sunflow,100.0,100.0
22,0.0,100.0,JDK1-1-1,0.0,sunflow,100.0,100.0
23,35.0,100.0,JDK1-1-1,330.0,sunflow,100.0,100.0
24,0.0,0.0,JDK1-1-1,0.0,sunflow,100.0,100.0
25,0.0,100.0,JDK1-1-1,0.0,sunflow,100.0,100.0
26,31.0,100.0,JDK1-1-1,331.0,sunflow,100.0,100.0
27,0.0,100.0,JDK1-1-1,0.0,sunflow,100.0,100.0
28,35.0,100.0,JDK1-1-1,329.0,sunflow,100.0,100.0
29,0.0,100.0,JDK1-1-1,0.0,sunflow,100.0,100.0
30,35.0,100.0,JDK1-1-1,353.0,sunflow,100.0,100.0
31,0.0,100.0,JDK1-1-1,0.0,sunflow,100.0,100.0
32,29.0,100.0,JDK1-1-1,460.0,sunflow,100.0,100.0
0,0.0,100.0,JDK0.5-1-1.5,0.0,sunflow,100.0,100.0
1,37.0,100.0,JDK0.5-1-1.5,417.0,sunflow,100.0,100.0
2,0.0,100.0,JDK0.5-1-1.5,0.0,sunflow,100.0,100.0
3,31.0,100.0,JDK0.5-1-1.5,715.0,sunflow,100.0,100.0
4,0.0,100.0,JDK0.5-1-1.5,0.0,sunflow,100.0,100.0
5,35.0,100.0,JDK0.5-1-1.5,548.0,sunflow,100.0,100.0
6,0.0,100.0,JDK0.5-1-1.5,0.0,sunflow,100.0,100.0
7,32.0,100.0,JDK0.5-1-1.5,779.0,sunflow,100.0,100.0
8,0.0,100.0,JDK0.5-1-1.5,0.0,sunflow,100.0,100.0
9,35.0,100.0,JDK0.5-1-1.5,771.0,sunflow,100.0,100.0
10,0.0,100.0,JDK0.5-1-1.5,0.0,sunflow,100.0,100.0
11,32.0,100.0,JDK0.5-1-1.5,502.0,sunflow,100.0,100.0
12,0.0,100.0,JDK0.5-1-1.5,0.0,sunflow,100.0,100.0
13,38.0,100.0,JDK0.5-1-1.5,379.0,sunflow,100.0,100.0
14,0.0,100.0,JDK0.5-1-1.5,0.0,sunflow,100.0,100.0
15,37.0,100.0,JDK0.5-1-1.5,496.0,sunflow,100.0,100.0
16,0.0,0.0,JDK0.5-1-1.5,0.0,sunflow,100.0,100.0
17,0.0,100.0,JDK0.5-1-1.5,0.0,sunflow,100.0,100.0
18,31.0,100.0,JDK0.5-1-1.5,581.0,sunflow,100.0,100.0
19,0.0,100.0,JDK0.5-1-1.5,0.0,sunflow,100.0,100.0
20,32.0,100.0,JDK0.5-1-1.5,626.0,sunflow,100.0,100.0
21,0.0,100.0,JDK0.5-1-1.5,0.0,sunflow,100.0,100.0
22,34.0,100.0,JDK0.5-1-1.5,417.0,sunflow,100.0,100.0
23,0.0,100.0,JDK0.5-1-1.5,0.0,sunflow,100.0,100.0
24,37.0,100.0,JDK0.5-1-1.5,468.0,sunflow,100.0,100.0
25,0.0,100.0,JDK0.5-1-1.5,0.0,sunflow,100.0,100.0
26,38.0,100.0,JDK0.5-1-1.5,471.0,sunflow,100.0,100.0
27,0.0,100.0,JDK0.5-1-1.5,0.0,sunflow,100.0,100.0
28,30.0,100.0,JDK0.5-1-1.5,496.0,sunflow,100.0,100.0
29,0.0,100.0,JDK0.5-1-1.5,0.0,sunflow,100.0,100.0
30,37.0,100.0,JDK0.5-1-1.5,472.0,sunflow,100.0,100.0
31,0.0,100.0,JDK0.5-1-1.5,0.0,sunflow,100.0,100.0
32,36.0,100.0,JDK0.5-1-1.5,519.0,sunflow,100.0,100.0
0,0.0,100.0,JDKE,1029.0,sunflow,100.0,100.0
1,65.0,100.0,JDKE,0.0,sunflow,100.0,100.0
2,122.0,100.0,JDKE,332.0,sunflow,100.0,100.0
3,2.0,100.0,JDKE,581.0,sunflow,100.0,100.0
4,147.0,100.0,JDKE,624.0,sunflow,100.0,100.0
5,112.0,100.0,JDKE,628.0,sunflow,100.0,100.0
6,150.0,100.0,JDKE,700.0,sunflow,100.0,100.0
7,145.0,100.0,JDKE,745.0,sunflow,100.0,100.0
8,91.0,100.0,JDKE,774.0,sunflow,100.0,100.0
9,91.0,100.0,JDKE,799.0,sunflow,100.0,100.0
10,80.0,100.0,JDKE,824.0,sunflow,100.0,100.0
11,82.0,100.0,JDKE,849.0,sunflow,100.0,100.0
12,74.0,100.0,JDKE,872.0,sunflow,100.0,100.0
13,214.0,100.0,JDKE,903.0,sunflow,100.0,100.0
14,218.0,100.0,JDKE,934.0,sunflow,100.0,100.0
15,208.0,100.0,JDKE,964.0,sunflow,100.0,100.0
16,200.0,100.0,JDKE,995.0,sunflow,100.0,100.0
17,225.0,100.0,JDKE,1023.0,sunflow,100.0,100.0
18,213.0,100.0,JDKE,1047.0,sunflow,100.0,100.0
19,128.0,100.0,JDKE,1070.0,sunflow,100.0,100.0
20,0.0,100.0,JDKE,1010.0,sunflow,100.0,100.0
21,45.0,100.0,JDKE,0.0,sunflow,100.0,100.0
22,45.0,100.0,JDKE,320.0,sunflow,100.0,100.0
23,85.0,100.0,JDKE,320.0,sunflow,100.0,100.0
24,4.0,100.0,JDKE,538.0,sunflow,100.0,100.0
25,87.0,100.0,JDKE,588.0,sunflow,100.0,100.0
26,2.0,100.0,JDKE,590.0,sunflow,100.0,100.0
27,94.0,100.0,JDKE,658.0,sunflow,100.0,100.0
28,92.0,100.0,JDKE,667.0,sunflow,100.0,100.0
29,15.0,100.0,JDKE,725.0,sunflow,100.0,100.0
30,17.0,100.0,JDKE,753.0,sunflow,100.0,100.0
31,82.0,100.0,JDKE,779.0,sunflow,100.0,100.0
32,67.0,100.0,JDKE,809.0,sunflow,100.0,100.0
33,169.0,100.0,JDKE,838.0,sunflow,100.0,100.0
34,162.0,100.0,JDKE,869.0,sunflow,100.0,100.0
35,160.0,100.0,JDKE,897.0,sunflow,100.0,100.0
36,215.0,100.0,JDKE,926.0,sunflow,100.0,100.0
37,202.0,100.0,JDKE,955.0,sunflow,100.0,100.0
38,217.0,100.0,JDKE,983.0,sunflow,100.0,100.0
39,201.0,100.0,JDKE,1009.0,sunflow,100.0,100.0
40,219.0,100.0,JDKE,1035.0,sunflow,100.0,100.0
41,84.0,100.0,JDKE,1056.0,sunflow,100.0,100.0
42,0.0,100.0,JDKE,1108.0,sunflow,100.0,100.0
43,43.0,100.0,JDKE,0.0,sunflow,100.0,100.0
44,43.0,100.0,JDKE,313.0,sunflow,100.0,100.0
45,83.0,100.0,JDKE,313.0,sunflow,100.0,100.0
46,84.0,100.0,JDKE,553.0,sunflow,100.0,100.0
47,3.0,100.0,JDKE,614.0,sunflow,100.0,100.0
48,122.0,100.0,JDKE,663.0,sunflow,100.0,100.0
49,146.0,100.0,JDKE,669.0,sunflow,100.0,100.0
50,69.0,100.0,JDKE,725.0,sunflow,100.0,100.0
51,64.0,100.0,JDKE,753.0,sunflow,100.0,100.0
52,67.0,100.0,JDKE,783.0,sunflow,100.0,100.0
53,112.0,100.0,JDKE,810.0,sunflow,100.0,100.0
54,107.0,100.0,JDKE,836.0,sunflow,100.0,100.0
55,146.0,100.0,JDKE,871.0,sunflow,100.0,100.0
56,145.0,100.0,JDKE,1002.0,sunflow,100.0,100.0
57,125.0,100.0,JDKE,1069.0,sunflow,100.0,100.0
58,231.0,100.0,JDKE,1105.0,sunflow,100.0,100.0
59,224.0,100.0,JDKE,1139.0,sunflow,100.0,100.0
60,218.0,100.0,JDKE,1170.0,sunflow,100.0,100.0
61,214.0,100.0,JDKE,1195.0,sunflow,100.0,100.0
62,16.0,100.0,JDKE,1216.0,sunflow,100.0,100.0
63,0.0,100.0,JDKE,1077.0,sunflow,100.0,100.0
64,56.0,100.0,JDKE,0.0,sunflow,100.0,100.0
65,56.0,100.0,JDKE,301.0,sunflow,100.0,100.0
66,86.0,100.0,JDKE,301.0,sunflow,100.0,100.0
67,3.0,100.0,JDKE,497.0,sunflow,100.0,100.0
68,88.0,100.0,JDKE,550.0,sunflow,100.0,100.0
69,3.0,100.0,JDKE,552.0,sunflow,100.0,100.0
70,93.0,100.0,JDKE,605.0,sunflow,100.0,100.0
71,92.0,100.0,JDKE,615.0,sunflow,100.0,100.0
72,11.0,100.0,JDKE,669.0,sunflow,100.0,100.0
73,12.0,100.0,JDKE,695.0,sunflow,100.0,100.0
74,76.0,100.0,JDKE,720.0,sunflow,100.0,100.0
75,144.0,100.0,JDKE,750.0,sunflow,100.0,100.0
76,141.0,100.0,JDKE,777.0,sunflow,100.0,100.0
77,132.0,100.0,JDKE,803.0,sunflow,100.0,100.0
78,145.0,100.0,JDKE,829.0,sunflow,100.0,100.0
79,140.0,100.0,JDKE,855.0,sunflow,100.0,100.0
80,136.0,100.0,JDKE,881.0,sunflow,100.0,100.0
81,138.0,100.0,JDKE,906.0,sunflow,100.0,100.0
82,130.0,100.0,JDKE,930.0,sunflow,100.0,100.0
83,135.0,100.0,JDKE,954.0,sunflow,100.0,100.0
84,74.0,100.0,JDKE,975.0,sunflow,100.0,100.0
85,0.0,100.0,JDKE,1017.0,sunflow,100.0,100.0
86,58.0,100.0,JDKE,0.0,sunflow,100.0,100.0
87,58.0,100.0,JDKE,375.0,sunflow,100.0,100.0
88,87.0,100.0,JDKE,375.0,sunflow,100.0,100.0
89,3.0,100.0,JDKE,569.0,sunflow,100.0,100.0
90,87.0,100.0,JDKE,620.0,sunflow,100.0,100.0
91,3.0,100.0,JDKE,623.0,sunflow,100.0,100.0
92,86.0,100.0,JDKE,674.0,sunflow,100.0,100.0
93,79.0,100.0,JDKE,676.0,sunflow,100.0,100.0
94,82.0,100.0,JDKE,718.0,sunflow,100.0,100.0
95,88.0,100.0,JDKE,741.0,sunflow,100.0,100.0
96,9.0,100.0,JDKE,759.0,sunflow,100.0,100.0
97,47.0,100.0,JDKE,777.0,sunflow,100.0,100.0
98,82.0,100.0,JDKE,801.0,sunflow,100.0,100.0
99,83.0,100.0,JDKE,827.0,sunflow,100.0,100.0
100,80.0,100.0,JDKE,855.0,sunflow,100.0,100.0
101,76.0,100.0,JDKE,887.0,sunflow,100.0,100.0
102,83.0,100.0,JDKE,921.0,sunflow,100.0,100.0
103,73.0,100.0,JDKE,954.0,sunflow,100.0,100.0
104,80.0,100.0,JDKE,985.0,sunflow,100.0,100.0
105,80.0,100.0,JDKE,1015.0,sunflow,100.0,100.0
106,83.0,100.0,JDKE,1041.0,sunflow,100.0,100.0
107,0.0,100.0,JDKE,1054.0,sunflow,100.0,100.0
108,39.0,100.0,JDKE,0.0,sunflow,100.0,100.0
109,39.0,100.0,JDKE,388.0,sunflow,100.0,100.0
110,154.0,100.0,JDKE,388.0,sunflow,100.0,100.0
111,3.0,100.0,JDKE,588.0,sunflow,100.0,100.0
112,160.0,100.0,JDKE,630.0,sunflow,100.0,100.0
113,3.0,100.0,JDKE,632.0,sunflow,100.0,100.0
114,145.0,100.0,JDKE,682.0,sunflow,100.0,100.0
115,137.0,100.0,JDKE,687.0,sunflow,100.0,100.0
116,142.0,100.0,JDKE,726.0,sunflow,100.0,100.0
117,87.0,100.0,JDKE,753.0,sunflow,100.0,100.0
118,74.0,100.0,JDKE,773.0,sunflow,100.0,100.0
119,56.0,100.0,JDKE,798.0,sunflow,100.0,100.0
120,56.0,100.0,JDKE,824.0,sunflow,100.0,100.0
121,100.0,100.0,JDKE,849.0,sunflow,100.0,100.0
122,121.0,100.0,JDKE,881.0,sunflow,100.0,100.0
123,85.0,100.0,JDKE,914.0,sunflow,100.0,100.0
124,76.0,100.0,JDKE,946.0,sunflow,100.0,100.0
125,84.0,100.0,JDKE,974.0,sunflow,100.0,100.0
126,151.0,100.0,JDKE,1004.0,sunflow,100.0,100.0
127,201.0,100.0,JDKE,1033.0,sunflow,100.0,100.0
128,0.0,100.0,JDKE,1070.0,sunflow,100.0,100.0
129,51.0,100.0,JDKE,0.0,sunflow,100.0,100.0
130,51.0,100.0,JDKE,292.0,sunflow,100.0,100.0
131,86.0,100.0,JDKE,292.0,sunflow,100.0,100.0
132,2.0,100.0,JDKE,494.0,sunflow,100.0,100.0
133,97.0,100.0,JDKE,564.0,sunflow,100.0,100.0
134,1.0,100.0,JDKE,569.0,sunflow,100.0,100.0
135,140.0,100.0,JDKE,631.0,sunflow,100.0,100.0
136,136.0,100.0,JDKE,636.0,sunflow,100.0,100.0
137,186.0,100.0,JDKE,685.0,sunflow,100.0,100.0
138,147.0,100.0,JDKE,712.0,sunflow,100.0,100.0
139,135.0,100.0,JDKE,746.0,sunflow,100.0,100.0
140,149.0,100.0,JDKE,768.0,sunflow,100.0,100.0
141,15.0,100.0,JDKE,785.0,sunflow,100.0,100.0
142,12.0,100.0,JDKE,805.0,sunflow,100.0,100.0
143,257.0,100.0,JDKE,830.0,sunflow,100.0,100.0
144,182.0,100.0,JDKE,879.0,sunflow,100.0,100.0
145,217.0,100.0,JDKE,907.0,sunflow,100.0,100.0
146,130.0,100.0,JDKE,934.0,sunflow,100.0,100.0
147,135.0,100.0,JDKE,961.0,sunflow,100.0,100.0
148,136.0,100.0,JDKE,991.0,sunflow,100.0,100.0
149,91.0,100.0,JDKE,1016.0,sunflow,100.0,100.0
150,143.0,100.0,JDKE,1040.0,sunflow,100.0,100.0
151,0.0,100.0,JDKE,1057.0,sunflow,100.0,100.0
152,53.0,100.0,JDKE,0.0,sunflow,100.0,100.0
153,82.0,100.0,JDKE,317.0,sunflow,100.0,100.0
154,4.0,100.0,JDKE,528.0,sunflow,100.0,100.0
155,85.0,100.0,JDKE,572.0,sunflow,100.0,100.0
156,83.0,100.0,JDKE,574.0,sunflow,100.0,100.0
157,92.0,100.0,JDKE,647.0,sunflow,100.0,100.0
158,7.0,100.0,JDKE,696.0,sunflow,100.0,100.0
159,7.0,100.0,JDKE,730.0,sunflow,100.0,100.0
160,78.0,100.0,JDKE,752.0,sunflow,100.0,100.0
161,79.0,100.0,JDKE,781.0,sunflow,100.0,100.0
162,78.0,100.0,JDKE,808.0,sunflow,100.0,100.0
163,65.0,100.0,JDKE,836.0,sunflow,100.0,100.0
164,56.0,100.0,JDKE,870.0,sunflow,100.0,100.0
165,79.0,100.0,JDKE,906.0,sunflow,100.0,100.0
166,73.0,100.0,JDKE,939.0,sunflow,100.0,100.0
167,82.0,100.0,JDKE,970.0,sunflow,100.0,100.0
168,87.0,100.0,JDKE,1004.0,sunflow,100.0,100.0
169,86.0,100.0,JDKE,1035.0,sunflow,100.0,100.0
170,0.0,100.0,JDKE,1095.0,sunflow,100.0,100.0
171,53.0,100.0,JDKE,0.0,sunflow,100.0,100.0
172,53.0,100.0,JDKE,314.0,sunflow,100.0,100.0
173,86.0,100.0,JDKE,314.0,sunflow,100.0,100.0
174,3.0,100.0,JDKE,536.0,sunflow,100.0,100.0
175,87.0,100.0,JDKE,587.0,sunflow,100.0,100.0
176,81.0,100.0,JDKE,589.0,sunflow,100.0,100.0
177,85.0,100.0,JDKE,653.0,sunflow,100.0,100.0
178,88.0,100.0,JDKE,702.0,sunflow,100.0,100.0
179,89.0,100.0,JDKE,732.0,sunflow,100.0,100.0
180,11.0,100.0,JDKE,750.0,sunflow,100.0,100.0
181,55.0,100.0,JDKE,770.0,sunflow,100.0,100.0
182,101.0,100.0,JDKE,792.0,sunflow,100.0,100.0
183,98.0,100.0,JDKE,819.0,sunflow,100.0,100.0
184,98.0,100.0,JDKE,846.0,sunflow,100.0,100.0
185,76.0,100.0,JDKE,880.0,sunflow,100.0,100.0
186,140.0,100.0,JDKE,910.0,sunflow,100.0,100.0
187,101.0,100.0,JDKE,941.0,sunflow,100.0,100.0
188,72.0,100.0,JDKE,974.0,sunflow,100.0,100.0
189,78.0,100.0,JDKE,1003.0,sunflow,100.0,100.0
190,0.0,100.0,JDKE,,sunflow,0.0,0.0
191,0.0,100.0,JDKE,0.0,sunflow,100.0,100.0
192,70.0,100.0,JDKE,0.0,sunflow,100.0,100.0
193,70.0,100.0,JDKE,281.0,sunflow,100.0,100.0
194,166.0,100.0,JDKE,281.0,sunflow,100.0,100.0
195,112.0,100.0,JDKE,471.0,sunflow,100.0,100.0
196,3.0,100.0,JDKE,533.0,sunflow,100.0,100.0
197,153.0,100.0,JDKE,593.0,sunflow,100.0,100.0
198,153.0,100.0,JDKE,596.0,sunflow,100.0,100.0
199,155.0,100.0,JDKE,662.0,sunflow,100.0,100.0
200,166.0,100.0,JDKE,695.0,sunflow,100.0,100.0
201,159.0,100.0,JDKE,714.0,sunflow,100.0,100.0
202,14.0,100.0,JDKE,732.0,sunflow,100.0,100.0
203,14.0,100.0,JDKE,747.0,sunflow,100.0,100.0
204,116.0,100.0,JDKE,767.0,sunflow,100.0,100.0
205,170.0,100.0,JDKE,793.0,sunflow,100.0,100.0
206,176.0,100.0,JDKE,825.0,sunflow,100.0,100.0
207,153.0,100.0,JDKE,860.0,sunflow,100.0,100.0
208,158.0,100.0,JDKE,893.0,sunflow,100.0,100.0
209,117.0,100.0,JDKE,925.0,sunflow,100.0,100.0
210,71.0,100.0,JDKE,955.0,sunflow,100.0,100.0
211,118.0,100.0,JDKE,981.0,sunflow,100.0,100.0
212,0.0,100.0,JDKE,994.0,sunflow,100.0,100.0
213,36.0,100.0,JDKE,0.0,sunflow,100.0,100.0
214,88.0,100.0,JDKE,319.0,sunflow,100.0,100.0
215,3.0,100.0,JDKE,532.0,sunflow,100.0,100.0
216,86.0,100.0,JDKE,594.0,sunflow,100.0,100.0
217,86.0,100.0,JDKE,596.0,sunflow,100.0,100.0
218,95.0,100.0,JDKE,689.0,sunflow,100.0,100.0
219,13.0,100.0,JDKE,740.0,sunflow,100.0,100.0
220,16.0,100.0,JDKE,779.0,sunflow,100.0,100.0
221,80.0,100.0,JDKE,809.0,sunflow,100.0,100.0
222,79.0,100.0,JDKE,833.0,sunflow,100.0,100.0
223,190.0,100.0,JDKE,857.0,sunflow,100.0,100.0
224,208.0,100.0,JDKE,882.0,sunflow,100.0,100.0
225,225.0,100.0,JDKE,909.0,sunflow,100.0,100.0
226,219.0,100.0,JDKE,939.0,sunflow,100.0,100.0
227,214.0,100.0,JDKE,969.0,sunflow,100.0,100.0
228,211.0,100.0,JDKE,998.0,sunflow,100.0,100.0
229,188.0,100.0,JDKE,1026.0,sunflow,100.0,100.0
230,201.0,100.0,JDKE,1052.0,sunflow,100.0,100.0
231,221.0,100.0,JDKE,1075.0,sunflow,100.0,100.0
232,0.0,100.0,JDKE,1256.0,sunflow,100.0,100.0
233,60.0,100.0,JDKE,0.0,sunflow,100.0,100.0
234,60.0,100.0,JDKE,283.0,sunflow,100.0,100.0
235,153.0,100.0,JDKE,283.0,sunflow,100.0,100.0
236,3.0,100.0,JDKE,484.0,sunflow,100.0,100.0
237,146.0,100.0,JDKE,529.0,sunflow,100.0,100.0
238,3.0,100.0,JDKE,531.0,sunflow,100.0,100.0
239,131.0,100.0,JDKE,583.0,sunflow,100.0,100.0
240,124.0,100.0,JDKE,588.0,sunflow,100.0,100.0
241,128.0,100.0,JDKE,647.0,sunflow,100.0,100.0
242,68.0,100.0,JDKE,684.0,sunflow,100.0,100.0
243,61.0,100.0,JDKE,712.0,sunflow,100.0,100.0
244,75.0,100.0,JDKE,737.0,sunflow,100.0,100.0
245,77.0,100.0,JDKE,767.0,sunflow,100.0,100.0
246,149.0,100.0,JDKE,791.0,sunflow,100.0,100.0
247,166.0,100.0,JDKE,824.0,sunflow,100.0,100.0
248,169.0,100.0,JDKE,868.0,sunflow,100.0,100.0
249,167.0,100.0,JDKE,902.0,sunflow,100.0,100.0
250,124.0,100.0,JDKE,933.0,sunflow,100.0,100.0
251,126.0,100.0,JDKE,964.0,sunflow,100.0,100.0
252,125.0,100.0,JDKE,991.0,sunflow,100.0,100.0
253,0.0,100.0,JDKE,1095.0,sunflow,100.0,100.0
254,56.0,100.0,JDKE,0.0,sunflow,100.0,100.0
255,56.0,100.0,JDKE,292.0,sunflow,100.0,100.0
256,87.0,100.0,JDKE,292.0,sunflow,100.0,100.0
257,86.0,100.0,JDKE,487.0,sunflow,100.0,100.0
258,2.0,100.0,JDKE,534.0,sunflow,100.0,100.0
259,103.0,100.0,JDKE,605.0,sunflow,100.0,100.0
260,146.0,100.0,JDKE,612.0,sunflow,100.0,100.0
261,156.0,100.0,JDKE,675.0,sunflow,100.0,100.0
262,17.0,100.0,JDKE,703.0,sunflow,100.0,100.0
263,14.0,100.0,JDKE,722.0,sunflow,100.0,100.0
264,82.0,100.0,JDKE,745.0,sunflow,100.0,100.0
265,187.0,100.0,JDKE,767.0,sunflow,100.0,100.0
266,186.0,100.0,JDKE,789.0,sunflow,100.0,100.0
267,223.0,100.0,JDKE,815.0,sunflow,100.0,100.0
268,215.0,100.0,JDKE,843.0,sunflow,100.0,100.0
269,204.0,100.0,JDKE,869.0,sunflow,100.0,100.0
270,222.0,100.0,JDKE,898.0,sunflow,100.0,100.0
271,200.0,100.0,JDKE,924.0,sunflow,100.0,100.0
272,227.0,100.0,JDKE,948.0,sunflow,100.0,100.0
273,82.0,100.0,JDKE,970.0,sunflow,100.0,100.0
274,0.0,100.0,JDKE,992.0,sunflow,100.0,100.0
275,49.0,100.0,JDKE,0.0,sunflow,100.0,100.0
276,84.0,100.0,JDKE,331.0,sunflow,100.0,100.0
277,3.0,100.0,JDKE,566.0,sunflow,100.0,100.0
278,94.0,100.0,JDKE,612.0,sunflow,100.0,100.0
279,2.0,100.0,JDKE,621.0,sunflow,100.0,100.0
280,86.0,100.0,JDKE,685.0,sunflow,100.0,100.0
281,5.0,100.0,JDKE,687.0,sunflow,100.0,100.0
282,10.0,100.0,JDKE,723.0,sunflow,100.0,100.0
283,87.0,100.0,JDKE,726.0,sunflow,100.0,100.0
284,88.0,100.0,JDKE,757.0,sunflow,100.0,100.0
285,58.0,100.0,JDKE,780.0,sunflow,100.0,100.0
286,111.0,100.0,JDKE,804.0,sunflow,100.0,100.0
287,73.0,100.0,JDKE,830.0,sunflow,100.0,100.0
288,69.0,100.0,JDKE,857.0,sunflow,100.0,100.0
289,106.0,100.0,JDKE,891.0,sunflow,100.0,100.0
290,75.0,100.0,JDKE,926.0,sunflow,100.0,100.0
291,75.0,100.0,JDKE,959.0,sunflow,100.0,100.0
292,53.0,100.0,JDKE,959.0,sunflow,100.0,100.0
293,101.0,100.0,JDKE,990.0,sunflow,100.0,100.0
294,98.0,100.0,JDKE,1024.0,sunflow,100.0,100.0
295,0.0,100.0,JDKE,1075.0,sunflow,100.0,100.0
296,39.0,100.0,JDKE,0.0,sunflow,100.0,100.0
297,39.0,100.0,JDKE,348.0,sunflow,100.0,100.0
298,85.0,100.0,JDKE,348.0,sunflow,100.0,100.0
299,82.0,100.0,JDKE,580.0,sunflow,100.0,100.0
300,3.0,100.0,JDKE,636.0,sunflow,100.0,100.0
301,94.0,100.0,JDKE,702.0,sunflow,100.0,100.0
302,161.0,100.0,JDKE,711.0,sunflow,100.0,100.0
303,63.0,100.0,JDKE,770.0,sunflow,100.0,100.0
304,30.0,100.0,JDKE,795.0,sunflow,100.0,100.0
305,118.0,100.0,JDKE,819.0,sunflow,100.0,100.0
306,109.0,100.0,JDKE,845.0,sunflow,100.0,100.0
307,119.0,100.0,JDKE,869.0,sunflow,100.0,100.0
308,198.0,100.0,JDKE,895.0,sunflow,100.0,100.0
309,210.0,100.0,JDKE,925.0,sunflow,100.0,100.0
310,191.0,100.0,JDKE,959.0,sunflow,100.0,100.0
311,194.0,100.0,JDKE,993.0,sunflow,100.0,100.0
312,193.0,100.0,JDKE,1024.0,sunflow,100.0,100.0
313,207.0,100.0,JDKE,1050.0,sunflow,100.0,100.0
314,113.0,100.0,JDKE,1074.0,sunflow,100.0,100.0
315,0.0,100.0,JDKE,750.0,sunflow,100.0,100.0
316,74.0,100.0,JDKE,0.0,sunflow,100.0,100.0
317,74.0,100.0,JDKE,314.0,sunflow,100.0,100.0
318,128.0,100.0,JDKE,314.0,sunflow,100.0,100.0
319,3.0,100.0,JDKE,532.0,sunflow,100.0,100.0
320,139.0,100.0,JDKE,579.0,sunflow,100.0,100.0
321,2.0,100.0,JDKE,583.0,sunflow,100.0,100.0
322,158.0,100.0,JDKE,649.0,sunflow,100.0,100.0
323,145.0,100.0,JDKE,651.0,sunflow,100.0,100.0
324,151.0,100.0,JDKE,710.0,sunflow,100.0,100.0
325,165.0,100.0,JDKE,735.0,sunflow,100.0,100.0
326,162.0,100.0,JDKE,756.0,sunflow,100.0,100.0
327,15.0,100.0,JDKE,774.0,sunflow,100.0,100.0
328,20.0,100.0,JDKE,789.0,sunflow,100.0,100.0
329,77.0,100.0,JDKE,810.0,sunflow,100.0,100.0
330,217.0,100.0,JDKE,836.0,sunflow,100.0,100.0
331,227.0,100.0,JDKE,867.0,sunflow,100.0,100.0
332,232.0,100.0,JDKE,900.0,sunflow,100.0,100.0
333,225.0,100.0,JDKE,933.0,sunflow,100.0,100.0
334,221.0,100.0,JDKE,969.0,sunflow,100.0,100.0
335,218.0,100.0,JDKE,998.0,sunflow,100.0,100.0
336,204.0,100.0,JDKE,1023.0,sunflow,100.0,100.0
0,0.0,100.0,JDK0.5-1-0.5,0.0,sunflow,100.0,100.0
1,66.0,100.0,JDK0.5-1-0.5,790.0,sunflow,100.0,100.0
2,0.0,100.0,JDK0.5-1-0.5,0.0,sunflow,100.0,100.0
3,36.0,100.0,JDK0.5-1-0.5,571.0,sunflow,100.0,100.0
4,0.0,100.0,JDK0.5-1-0.5,0.0,sunflow,100.0,100.0
5,33.0,100.0,JDK0.5-1-0.5,775.0,sunflow,100.0,100.0
6,0.0,100.0,JDK0.5-1-0.5,0.0,sunflow,100.0,100.0
7,36.0,100.0,JDK0.5-1-0.5,526.0,sunflow,100.0,100.0
8,0.0,100.0,JDK0.5-1-0.5,0.0,sunflow,100.0,100.0
9,31.0,100.0,JDK0.5-1-0.5,498.0,sunflow,100.0,100.0
10,0.0,100.0,JDK0.5-1-0.5,0.0,sunflow,100.0,100.0
11,35.0,100.0,JDK0.5-1-0.5,491.0,sunflow,100.0,100.0
12,0.0,100.0,JDK0.5-1-0.5,0.0,sunflow,100.0,100.0
13,44.0,100.0,JDK0.5-1-0.5,460.0,sunflow,100.0,100.0
14,0.0,100.0,JDK0.5-1-0.5,0.0,sunflow,100.0,100.0
15,36.0,100.0,JDK0.5-1-0.5,550.0,sunflow,100.0,100.0
16,0.0,100.0,JDK0.5-1-0.5,0.0,sunflow,100.0,100.0
17,32.0,100.0,JDK0.5-1-0.5,791.0,sunflow,100.0,100.0
18,0.0,100.0,JDK0.5-1-0.5,0.0,sunflow,100.0,100.0
19,61.0,100.0,JDK0.5-1-0.5,419.0,sunflow,100.0,100.0
20,0.0,0.0,JDK0.5-1-0.5,0.0,sunflow,100.0,100.0
21,0.0,100.0,JDK0.5-1-0.5,0.0,sunflow,100.0,100.0
22,36.0,100.0,JDK0.5-1-0.5,538.0,sunflow,100.0,100.0
23,0.0,100.0,JDK0.5-1-0.5,0.0,sunflow,100.0,100.0
24,32.0,100.0,JDK0.5-1-0.5,597.0,sunflow,100.0,100.0
25,0.0,100.0,JDK0.5-1-0.5,0.0,sunflow,100.0,100.0
26,38.0,100.0,JDK0.5-1-0.5,581.0,sunflow,100.0,100.0
27,0.0,100.0,JDK0.5-1-0.5,0.0,sunflow,100.0,100.0
28,32.0,100.0,JDK0.5-1-0.5,476.0,sunflow,100.0,100.0
29,0.0,100.0,JDK0.5-1-0.5,0.0,sunflow,100.0,100.0
30,34.0,100.0,JDK0.5-1-0.5,455.0,sunflow,100.0,100.0
31,0.0,100.0,JDK0.5-1-0.5,0.0,sunflow,100.0,100.0
32,36.0,100.0,JDK0.5-1-0.5,479.0,sunflow,100.0,100.0
